PRODUCTNO,LOCATION
1031498-00-A,PT-NCM-MO-L19U-01
1035587-01-E,PN-PR-020-1
1024818-00-B,PT-FG-SU-C25L
1012657-01-E,BP3-09100
1021389-01-E,TM1-40000
1032955-00-F,BW2-BAT045
6006772-00-D,BIW-IN
1032963-00-F,BW2-BAT045
1048473-00-A,PN-PL
2005346-02-A,TP1-10067
1012168-00-A,PN-KR-A1-01-1
1035377-00-A,TSUSHO
1014963-05-B,SC1-00800
1003385-02-G,TP1-20030
1048473-00-A,CHANGE-GA
1036691-00-A,PL-IMA-XX
1024945-00-E,SU1-12000
1020893-00-G,SU2-11000
1038793-00-C,PN-TT-L1-01-1
1041534-00-B,AS-REPAIR
1028961-00-D,BIW-IN
1054551-00-A,PN-CO-S1
1046945-00-A,TSUSHO
1037787-00-B,SW3-30300-2
1048870-00-B,JB3-00100
1005650-00-E,PT-SM-DU-01
1033026-04-C,PT-FG-SC2-G20U
1031972-00-A,PN-CO-S1
1004393-00-A,AS-FT-BOS-GA4
1002633-01-N,AS-SF1-010-EB
1037788-00-B,SW3-30300-2
1012650-01-J,BIW-IN
1022945-00-C,BIW-IN
1050777-99-A,JB3-00500
1010555-00-C,ST-BL1
6007874-00-D,ST-3D-LINESIDE
1030582-00-F,PT-FG-HVC-F23U
1006208-11-C,DT1-20100
1012648-01-J,BIW-IN
1007527-00-B,PT-SM-DU-02
1036392-01-B,AS-FL-170-WB
1023414-00-A,PT-SM-MO-01
6008087-10-C,PN-TC-030-1
2007033-02-B,TP1-10180
1003617-00-C,BIW-IN
1020893-00-G,SU3-02000
1054093-00-B,RT3-13000
1054093-00-B,RT3-15040
6009178-00-A,HV2-00405
1050800-00-A,PT-WS-SEQ
1028949-00-A,RT1-10150
1008683-00-B,PT-NCM-MO-L19U-01
1016211-00-J,PT-FG-HVJB-F25U
1028183-00-A,AS-FL-180-E
1023467-01-D,TSUSHO
1007024-00-A,HV2-00200
1047689-00-A,BP3-01000
1047031-00-A,PT-FG-BM-L20U_FLEX
1024238-01-B,AS-CC01-010
1030182-00-D,PT-FG-HVC-F23U
1023190-00-D,JB3-00500
1026856-S0-A,AS-RF1-010-E
1027270-00-A,TSUSHO
1035199-00-F,SI1-00705
1054331-00-A,DM1-34500
1027260-00-A,TSUSHO
1021748-00-C,BM3-01900
1021685-01-B,PT-SM-SC-01
1003993-01-C,TP1-10380
1015897-00-D,CD1-06000
1023170-01-C,AS-CC01-010
1024777-00-B,RT1-20000
1030707-00-A,PN-CO-S1
1043804-00-B,AS-RF1-020-E
1013037-01-F,BW2-BAT080
1015898-00-A,CD1-06000
1028348-E0-A,PN-PR-020-1
2006271,SU1-14000
2007033-02-B,TP1-10300
2007033-02-B,TP1-10500
1009312-00-E,PT-FG-SSU-L19
1024946-00-E,SU2-11000
1041310-00-C,BP3-10700
1023468-01-D,TSUSHO
1022620-00-F,PT-FG-HVC-F23U
1021491-00-A,SC2-00101-B
1014935-00-A,BW-FT-BOS-BIW1
6207023-00-A,AS-OF-SEQ
1018426-00-A,PT-SM-BP-01
1009237-00-E,PL-IMB-XX
1043257-00-A,AS-RF1-020-E
1021491-00-A,SC2-00100
1022945-00-C,BW-AD-S1-01-1
1053124-98-A,PT-FG-FS1-K18-U
6006351-04-A,AS-OF-SEQ
1021154-02-J,AS-T03-SA1-3B
1054093-00-B,RT3-13000-B
1002724-00-B,RT3-15070
1021389-01-E,PT-FG-CH3-H23U
1012215-12-C,PL-IMB-XX
1032183-00-A,SC2-00301
1048473-05-A,AS-PL-110
6010486-00-D,PT-SM-BP-01
1011983-00-A,PN-KR-A1-01-1
1008497-00-A,PT-SM-SC-01
1031542-08-A,AS-FT-BOS-GA1
1019347-00-A,PT-SM-BP-01
1009216-00-A,HV2-00200
1023781-00-A,PT-SM-MO-01
6006352-04-A,AS-OF-SEQ
1048473-00-A,PL-IMB-XX
1050620-02-A,PT-WS-SEQ-S
1028759-01-B,AS-IP2-020-E
1051981-00-A,AS-INS-120-W
1011984-00-A,PN-KR-A1-01-1
1028067-02-A,SH1-00200
1035050-00-E,DM1-33500
1032718-00-A,ST-METAL-REPAIR
1015809-01-C,PT-SM-DU-01
1004429-92-N,AS-T01-140-W
1023190-01-C,JB3-00500
1021849-00-F,SC2-00401
1023190-00-E,PT-SM-EL-01
1053124-20-A,PT-FG-FS1-K18-U
1049424-99-B,AS-SF1-290-W
1037050-00-E,DM1-33500
1008458-00-A,TP1-10200
1010687-01-A,CD1-04500
1023848-02-A,PT-SM-MO-01
1018190-00-C,BIW-IN
1046676-00-A,SV1-20015
1004494-00-C,BW-BSR-060S
6006793-00-G,BW-MLN-020
1039751-00-A,AS-T03-SA1-4
1005823-00-A,SE1-10000
1031977-00-A,PN-CO-S1
1028884-01-E,BIW-IN
6008068-00-E,ST-3A-STACKING
1025116-01-D,DM1-11020-B
1003406-00-B,PT-SM-DU-01
1021036-00-C,SU2-14000
1015898-00-A,CD1-02000
1054551-00-A,BW-AD-S1-01-1
1016507-00-A,BM3-01900
1023234-07-G,PL-IH-SA10
1017412-00-D,PL-IMB-XX
1025016-00-D,SU2-02000
1016754-00-A,AS-T01-100-EB
1007060-00-A,DT1-50300
1052480-00-A,AS-T02-040-E
6006353-04-A,AS-OF-SEQ
1024946-00-E,SU2-02000
6007707-01-D,AS-C02-150-E
1011906-00-D,HP1-00200
1034369-00-D,PN-TT-L1-01-1
1034370-00-D,PN-TT-L1-01-1
1004787-10-A,AS-IP2-010-W
1004706-97-F,PT-FG-DU-G27U
1021490-00-A,SC2-00101-B
1055899-00-A,PN-ED-010-1
1039751-00-A,AS-T03-SA1-E
1034293-00-C,SU3-11000
6006434-00-C,AS-OF-SEQ
1042863-01-B,BW2-BAT080
1033808-00-A,FS2-06000
1028652-00-B,BIW-IN
1038706-00-A,AS-T03-040-W
1027230-00-A,TSUSHO
1024238-09-B,AS-CC01-010
1027220-00-A,TSUSHO
1032183-99-A,SC2-00300
1024019-00-C,AS-PL-030
1021844-02-C,SC2-00200
1021634-00-C,PT-WS-SEQ
6006677-00-F,BW-FST-002
1031979-00-B,PN-CO-S1
1048473-09-A,AS-PL-110
1033114-30-E,BP3-NCM
1018745-00-E,AS-DH1-010-N
1038192-00-A,AS-FL-180-W
1024238-03-A,AS-CC01-010
1014189-02-A,PT-SM-BP-01
1002633-00-F,AS-REPAIR
2006968-00-A,AS-RF1-040-E
1020312-00-C,AS-FL-110-E
1032901-01-B,SU3-06000
1054268-00-A,BP3-NCM
1014185-00-F,PN-TT-L1-01-1
1042448-00-C,HP1-01000
1003404-00-D,PT-SM-DU-01
1003751-01-C,SC2-00301
6009073-00-C,PT-SM-DU-01
1026912-00-A,BW-FT-BOS-BIW3
1023467-00-C,TSUSHO
1024237-01-A,AS-CC01-010
1049446-00-A,AS-FL-030-W
1058502-00-A,BW-BSR-010
1025319-00-C,SC2-01201
1020733-00-A,PT-SM-SC-01
1033153-00-A,PT-SM-DU-01
1033415-00-B,SC2-00502
1056647-00-A,FA1-02000
1037755-00-A,SC2-00701
1035637-00-B,AS-RF1-020-E
1030307-00-B,JB5-00100
1018884-20-D,BP3-13200
1019028-20-D,PT-SM-SC-01
1019347-00-A,BP3-22200
1043964-00-B,AS-SF1-040-E
2007033-00-A,SI1-00405
1008841-00-C,AS-T01-010-W
1007924-00-C,BIW-IN
6006353-07-A,AS-OF-SEQ
1032434-00-A,SU3-06000
1011636-00-A,HV2-10000
1023381-00-D,AS-FL-200-E
1011749-00-B,TM1-70000
1024018-00-C,AS-PL-030
1033155-00-A,PT-SM-DU-01
1047623-00-C,BP3-12200
1002624-00-D,DT1-70450
1031914-00-A,SU1-12000
1041667-00-A,AS-T03-SA1-E
1021103-02-A,SJ1-00100
1038318-00-A,AS-C02-340-L
1015454-00-A,PT-SM-MO-01
1031042-20-C,BP3-13200
1055837-00-B,BP3-09200
1056847-00-A,BP3-NCM
1029357-01-C,PT-SM-EL-01
1042766-88-C,PL-IH-SA1B
1019188-01-C,BM3-01900
1002633-00-K,PT-FG-DU-J19U
1038187-00-B,AS-C02-110-W
1023847-02-A,BM3-00600
1023847-02-A,BM5-01200
1023848-02-A,BM5-01200
1024081-00-E,PT-SM-SC-01
1021748-00-B,PT-SM-MO-01
1043441-00-A,AS-RF1-020-E
1008389-01-A,HV2-00200
1058195-00-A,PL-IMB-XX
1058202-00-A,PL-IMB-XX
1047907-00-B,AS-FL-040-W
1030826-00-A,PN-TC-030-1
1004787-05-A,AS-IP2-010-W
1051438-00-A,PT-SM-MO-01
1045936-01-C,PT-WS-SEQ-S
1028881-00-C,BW-MLN-020
6009185-00-A,TP1-20010
1028970-00-A,AS-FL-190-WZ
1020893-00-G,SU4-11000
1031490-00-A,SH1-00200
1017046-00-A,SH1-00300
1019028-21-D,PT-SM-SC-01
1039747-00-A,BP3-15700
1028130-00-B,SU3-11000
1014515-00-D,BP4-04000
1055909-00-A,BW-BAT-010
1014395-01-A,AS-PL-100
1014879-00-D,AS-FL-030-W
1021848-00-D,SC2-00300
1002516-00-D,PL-IMB-XX
1045230-00-A,SH1-00200
1008718-04-B,PL-IH-SA2
1019136-00-A,PT-SM-DU-01
1006021-00-A,SH1-00200
1014192-01-C,BM6-11000
1008982-00-A,PL-IMB-XX
1014963-00-C,PT-FG-CH3-H23U
1026644-02-D,AS-IP1-020-E
1023228-07-C,AS-CP-SEQ
1022641-00-D,HV9-00410
1015618-00-C,PT-SM-BP-01
1018261-00-B,SC2-00500
1033020-12-D,PT-SM-EL-01
1048473-05-A,PL-IMB-XX
6006352-07-A,AS-OF-SEQ
1006643-00-A,BW-FT-BOS-BIW1
1031674-00-B,BW-MLN-040L
6008629,PL-IH-SA
1003405-00-B,PT-SM-DU-01
1021685-01-B,SC2-00100
1055366-00-A,DM1-44500
1048954-99-A,AS-SF1-290-W
1005653-00-N,AS-T01-010-W
1050896-00-A,JB3-00300
1022404-00-A,PT-SM-SC-01
1029304-00-B,AS-C02-110-W
1055368-00-A,DM1-44500
1015897-00-D,CD1-03000
6008027-E0-D,PN-PR-020-1
1003368-00-A,HV9-00400
1028387-00-E,BM5-01000
1008458-00-A,TP1-10550
1033646-00-C,AS-T03-070-W
1031236-91-E,AS-HRN-SEQ
1013845-00-B,AS-FL-240-E
1015898-00-A,CD1-NCM
1022529-01-B,TSUSHO
1052655-00-A,PT-WS-SEQ
1014879-00-D,AS-FL-040-W
1022635-00-B,HV9-00500
6006481-00-F,ST-3A-STACKING
6006579-00-F,ST-3A-STACKING
1037648-00-B,AS-T03-020-E
1021103-01-A,SJ1-00100
1013616-03-B,AS-3RW-010-E
1028046-00-D,AS-KT1-130-W
1023852-04-C,SC2-00100
1037652-00-C,TSUSHO
1006717-00-B,AS-FL-030-W
1055837-00-A,BP3-09200
1003161-00-D,AS-OF-SEQ
1024081-00-E,SJ1-00100
1026917-00-A,SC2-00401
1054267-00-A,BP3-NCM
1014965-00-B,PT-SM-BP-01
1009251-00-B,PL-IMB-XX
1054268-00-A,BP3-09100
6008087-04-D,PN-TC-030-1
1050503-00-A,BP3-09200
1025876-00-C,SU5-11000
1037795-00-B,CT1-00500
1030608-01-A,AS-OF-SEQ
1012008-00-B,HV2-00400
1018510-00-B,PT-SM-SC-01
1036296-00-D,TP1-10040
1002675-00-A,SW1-40000
1011543-00-A,AS-T03-050-E
1019313-00-A,BW-FT-BOS-BIW1
1031075-E0-A,PN-PR-020-1
1036298-00-D,TP1-10040
1034092-00-A,SU4-12000
1023190-00-D,CH3-03350
1038733-00-A,PT-SM-SC-01
1059688-00-A,FA1-01000
1009892-00-A,DT1-10400
1013417-00-B,AS-T02-120-E
1032582-02-D,AS-T03-050-E
1007898-99-B,SH1-00300
1026041-00-J,CHANGE-GA
1039551-01-B,HP1-00200
1025462-00-B,SC2-00400
1039674-00-A,PT-FG-HVC-F23U
1025683-00-B,SU2-02000
1016278-00-C,PT-SM-BP-01
1008318-00-A,AS-FL-130-E
1031042-30-C,BP3-NCM
1016295-00-C,PT-SM-BP-01
1023214-07-C,AS-CP-SEQ
1024874-00-C,SU2-02000
1034487-00-B,AS-T01-110-W
1009991-01-B,CD1-04250
1031074-E0-A,PN-PR-020-1
1004777-15-K,CD1-06000
1008718-04-B,PL-IH-SA7
1013295-08-A,PN-PL
1036113-00-A,AS-IP2-010-EB
1039420-00-B,BP3-10700
1023228-02-E,AS-CP-SEQ
1050795-99-A,JB3-00500
1019313-00-B,BW-FT-BOS-BIW1
6007207-00-K,ST-3D-PUTAWAY
1013296-08-A,PN-PL
6006555-00-D,AS-C02-130-W
1032658-00-E,BIW-IN
1003286-00-L,CH1-02150
1030047-00-A,SU1-12000
1020734-00-A,SC2-00400
1016418-00-A,SC2-00900
1007664-00-A,AS-SF1-120-E
1008458-00-A,TP1-10040
1046952-00-B,TSUSHO
1015786-99-A,AS-ADT-010-WB
6005947,AS-KT1-120-W
1010574-00-A,ST-4D-TABLE1
1038973-00-A,TSUSHO
2003376,SU1-12000
1053261-00-A,SC2-00300
1053827-00-A,BP3-12200
1048524-00-B,AS-PL-110
1035666-00-B,AS-FL-SA1
1024709-00-A,ST-4D-TABLE1
1016954-00-A,PT-SM-BP-01
1031867-01-D,CHANGE-GA
1031868-01-D,CHANGE-GA
1021490-00-A,SC2-00100
6008629,AS-PR01-010-R
1022581-00-E,AS-REPAIR
1051538-00-A,PT-SM-DU-01
1052493-00-A,AS-RF1-020-E
1014199-01-C,BM6-11000
1013599-01-D,AS-3RW-010-E
1022349-00-A,PT-SM-SC-01
1031049-00-E,TP1-10300
1008905-04-D,PL-IH-SA
1017953-00-B,SC2-00503
1056965-00-A,AS-FL-160-W
1017412-03-A,PL-IMB-XX
1003341-00-B,HV2-00200
1052844-00-A,BP3-35200
1017877-00-C,JB6-00100
1058197-00-A,PL-IMB-XX
6007040-00-A,AS-SF1-250-W
1035647-00-B,CH6-03100
1017953-00-B,SC2-00501
1026899-02-E,JB3-00300
1015897-00-E,CD1-NCM
1031806-00-B,PT-SM-SC-01
1029352-00-A,SU2-02000
1026222-00-A,SU3-06000
1013411-00-A,BM3-00850
6007200-00-C,ST-4D-STACKING
1015608-01-C,BP3-03030
1024745-00-D,BP3-10500
1023098-01-B,SU2-15000
1038187-00-A,AS-C02-110-W
1009509-00-B,AS-FL-100-E
1034991-00-B,CHANGE-GA-EXP
1037757-00-A,SC2-00500
6006592-00-G,ST-3D-LINESIDE
1006392-00-A,BW-FT-BOS-BIW1
1056647-00-A,FA1-01700
1023190-01-C,PT-SM-EL-01
1028078-00-A,SC2-00100
1013839-00-C,AS-C02-110-W
1041304-00-B,BP3-15700
1038167-00-B,AS-RF1-020-E
1029164-00-A,SC2-00200
1007277-00-A,HV2-00405
1021647-00-B,PT-SM-SC-01
1023704-00-C,SU2-17000
1013296-02-A,PN-PL
1002392-00-B,AS-C02-020-E
1023240-00-B,PL-IH-SA10
1004423-03-M,AS-HRN-SEQ
6007202-00-C,PN-TC-030-1
1043963-02-A,AS-SF1-040-E
1017450-01-A,DM1-11020
1003402-04-E,PT-SM-DU-01
1034428-00-A,SJ1-00100
1013626-00-D,AS-T01-020-W
6008087-06-D,AS-T01-140-E
1004429-90-P,AS-T01-140-W
1053124-00-A,FS2-07000
1014963-04-A,PT-FG-CH3-H23U
1014963-00-G,PT-FG-CH3-H23U
1032274-90-C,AS-T03-010-W
1017045-00-A,SH1-00200
6007373-00-C,SU3-03000
1008718-00-B,PL-IH-SA
1019028-01-D,PT-SM-SC-01
1023468-00-C,TSUSHO
1004590-00-B,HV2-00400
1004672-00-A,TP1-10435
1047472-00-C,BP3-13200
2006968-00-A,AS-T03-030-WG
1010848-00-A,HP1-01000
1023316-00-A,SU2-03000
1013411-10-C,CT1-00500
1013295-02-A,PN-PL
1053123-00-B,FS2-06000
1030841-01-B,CH5-00100
1030269-00-A,CH5-00100
1026999-00-A,SC2-00401
1021844-01-C,SC1-00400
1028650-00-B,BIW-IN
1038162-05-A,SC2-00502
1014023-00-A,TP1-10300
1006866-00-A,RT1-80000
1015563-00-C,TM1-70000-B
1014252-00-F,BM6-04003
1033958-00-B,SC2-01200
1004588-00-B,HV2-00200
1018614-00-B,SC2-00800
1021950-00-A,AS-RF1-040-E
1008497-00-A,SC2-00901-B
1015897-00-C,CD1-06000
1003995-00-D,TP1-10380
1014359-01-A,PT-SM-DU-01
6007367-00-C,AS-C01-050-W
1030051-00-D,JB5-00200
1046849-01-A,SC2-00502
1018781-00-C,AS-T01-100-W
1030052-00-D,JB5-00200
1028546-00-B,AS-T02-070-E
1008557-00-A,SC2-00900
1025016-00-D,SU1-13000
1054095-00-A,BP3-09100
1033958-00-B,SC2-00600
1002773-00-A,PT-SM-BP-01
1055837-00-B,BP3-09100
1022406-00-B,SC2-00401
1036779-00-A,AS-REPAIR
1046668-00-A,BP3-09100
1046668-00-A,BP3-NCM
6006573-00-C,ST-3A-STACKING
1056847-00-A,BP3-09100
1054267-00-A,BP3-06200
1054267-00-A,BP3-09100
1046763-00-A,BP3-05200
1046763-00-A,BP3-09100
1054096-00-A,BP3-09100
1054268-00-A,BP3-06200
1022408-00-C,SC2-00401
1013935-00-A,AS-C02-110-W
6006485-00-D,ST-3D-LINESIDE
1038021-01-A,BP3-35200
1033011-00-A,AS-FM1-080-E
1019028-22-E,PT-SM-SC-01
1010572-00-B,ST-1B-TABLE1
6007372-00-A,PT-SM-SC-01
1030696-01-A,SU2-14000
1020312-00-D,AS-FL-110-E
1018510-00-B,SC2-00201-B
1003368-00-C,HV2-00200
1032924-00-A,SC2-00400
1033692-05-A,DM1-13500
1031759-00-A,PT-SM-EL-01
1013273-00-C,AS-T03-060-W
1030270-00-A,CH5-00100
1011614-00-A,CH1-01400
1014428-00-B,HV2-00400
1056964-00-A,AS-FL-160-W
6006016-00-D,AS-CC01-010
1048910-00-A,AS-T03-SA1-3B
1024874-00-C,SU2-11000
6006491-00-D,ST-3A-STACKING
1042519-00-A,SC2-00800
1003402-00-E,PT-SM-DU-01
6008067-00-D,BW-ST-CONS
1038162-04-A,SC2-00500
1030834-00-A,JB5-00100
1030696-00-A,SU2-14000
1023228-06-E,AS-CP-SEQ
1013659-00-C,HV2-00400
1014022-00-A,TP1-50010
1007461-00-A,CH1-01400
1024194-00-C,HV9-00410
1018509-00-C,PT-SM-SC-01
1043063-00-A,AS-RF1-020-E
1019028-00-D,SC2-00401
1028653-00-C,BIW-IN
1008557-00-A,SU3-05000
1002310-03-D,AS-CP-SEQ
1033416-00-B,SC2-00500
1022349-00-A,SC2-00400
1002536-07-B,PL-IH-SA
1024689-00-A,HV9-00410
1011490-00-B,HP1-01000
1023721-E0-A,PN-PR-020-1
1047040-00-A,PT-FG-BM-L20U_FLEX
1003368-01-C,HV2-00200
1018056-00-C,BP3-01000
1021119-00-A,SH1-00400
1038487-00-A,AS-INS-120-W
1053124-00-A,BP3-01000
1017666-00-D,PT-SM-BP-01
1028011-00-A,SC2-00402
1038162-01-A,SC2-00502
1034428-00-A,SU3-06000
1017720-00-A,HV9-00400
1020227-00-C,PT-SM-BP-01
1024569-00-D,CHANGE-GA
1008389-01-A,HV2-00400
1018258-00-A,SC2-00500
1028356-00-A,SC2-00100
1054591-00-A,BP3-05200
1030523-00-A,SU1-12000
1028385-02-A,AS-T02-060-E
1041375-00-A,SU4-14000
1028652-00-B,AS-T03-070-W
1019028-05-E,PT-SM-SC-01
6010351-00-H,BP3-03200
1008458-00-A,TP1-10060
1016383-01-A,TM1-70000-B
1023237-00-B,PL-IH-SA10
1035665-00-B,AS-FL-SA1
1008817-01-A,FA1-00400
1038706-00-A,AS-T03-030-E
6007367-00-E,AS-SF1-120-E
1011545-00-A,AS-T03-050-E
1013043-00-A,CD1-04500
1021844-03-B,PT-SM-SC-01
1014045-00-F,BP4-04004
1048526-00-B,AS-PL-110
1003403-00-E,PT-SM-DU-01
1033154-00-A,TP1-10370
1036476-00-A,FS3-06000
1021848-00-E,SC2-00300
1051618-00-A,PT-SM-MO-01
1038774-00-D,CH6-03100
1041042-00-A,AS-KT1-120-W
6008622-00-D,ST-METAL REPAIR
6008626-00-D,ST-METAL REPAIR
6008633-00-B,ST-METAL REPAIR
1043442-00-A,AS-RF1-020-E
1033175-01-A,SC2-01200
1056910-00-A,SU3-06000
1025794-01-B,TM1-00500-B
2001924,SC2-00900
1002773-00-A,SC2-00100
1030054-00-D,JB5-00300
1023211-07-B,AS-CP-SEQ
1023222-01-C,AS-CP-SEQ
1014345-00-A,FA1-01200
1042768-00-B,SC2-00502
1014023-00-A,TP1-10060
1023488-10-C,HV9-00410
1015589-00-B,AS-FL-080-W
1053340-00-A,DM1-13000
1018509-00-C,SC2-00800
1033157-00-A,TP1-20230
2007582,SU2-11000
1056787-00-A,SU5-11000
6005879-01-A,AS-C03-050-W
1034262-00-B,AS-RF1-020-E
1021934-00-A,SC2-00600
1042701-00-A,AS-REPAIR
1019028-22-E,SC2-00401-B
1036288-00-D,TP1-10040
1008244-00-H,AS-C02-060-WZ
1031957-00-B,AS-T01-080-E
1017046-00-A,SH1-00100
1014022-00-A,TP1-10300
1005361-00-C,CH1-01700
1028702-00-A,AS-FL-120-E
1018190-00-C,BW-AD-S1-01-1
1018506-00-D,SC2-00200
1043443-00-A,AS-RF1-020-E
1028157-90-B,AS-T01-030-W
1023878-00-A,SC2-01200
6007371-00-A,SU3-05000
1024380-00-A,HV2-00200
1021673-00-A,SC2-00400
1048910-00-A,AS-REPAIR
1051947-00-A,AS-FL-120-E
6008902-00-A,AS-FL-110-E
1007487-00-A,AS-SF2-030-E
1042391-00-D,CHANGE-GA
1038187-00-A,AS-C03-060-W
1007441-00-H,AS-FL-200-E
1026041-00-H,AS-CP01-010B
1006033-00-B,HV2-00400
1008905-04-D,PL-IH-SA2
1035749-00-A,SJ1-00100
1011448-00-B,PT-SM-BP-01
1024380-02-A,HV2-00200
6008065-99-D,ST-2D-LINESIDE
1021837-00-A,PT-SM-SC-01
1033692-02-A,DM1-15000
6006677-00-F,ST-METAL-REPAIR
6007344-00-F,AS-T02-070-E
1047494-00-A,DM1-45000
1033141-00-A,HV2-00400
1020215-00-A,HV9-00400
1047472-00-C,BP3-NCM
1047340-01-B,BP3-NCM
1008840-00-C,AS-T01-010-W
1003336-00-B,HV2-00200
1048886-00-B,AS-RF1-020-E
1031674-00-B,BW-MLN-020S
1028668-00-B,AS-T03-010-W
1048647-00-A,AS-RF1-020-E
1030073-00-C,HV2-00400
1023228-01-E,AS-OF-SEQ
1019229-00-C,AS-KT1-140-W
1019168-00-A,BP3-22100
1045528-00-C,AS-RF1-020-E
1017665-00-D,PT-SM-BP-01
1023258-00-C,AS-T03-090-W
1013659-00-C,HV2-00200
1005896-00-G,AS-KT1-100-EZ
1017794-00-A,AS-T03-060-W
1034074-00-A,SU4-11000
1005421-00-D,AS-T01-020-E
1009401-00-B,PT-SM-MO-01
1028643-00-B,AS-KT1-130-WZ
1034087-00-A,SU4-12000
1011485-00-C,AS-FT-BOS-GA1
1020226-00-A,AS-C02-110-W
1007287-00-A,AS-T02-080-W
6008044-00-E,ST-3D-LINESIDE
1023847-02-A,BM5-01000
1014252-01-F,BM6-07000
1042700-00-B,PT-SM-SC-01
1015604-00-D,BP3-12600
1024380-01-B,HV9-00400
6008087-07-D,AS-T01-140-E
1014350-01-D,FA1-00900
1021845-00-D,SC2-00501
1056962-00-A,AS-FL-160-W
1034369-00-D,CHANGE-GA
1034370-00-D,CHANGE-GA
1031678-00-A,CH2-01100
1005176-00-A,TP1-10435
1006524-00-A,AS-T03-040-E
1038706-00-A,AS-T03-020-W
1038706-00-A,AS-T03-SA1-E
1008334-06-G,PL-IH-SA
1019028-21-D,SC2-00401-B
1007277-00-A,HV2-00200
1024631-00-B,PL-IH-SA
1025462-00-B,SC2-00900
1017664-00-D,PT-SM-BP-01
1013294-00-A,TP1-10445
1008765-04-B,PL-IH-SA1
1008765-04-B,PL-IH-SA1B
1018884-20-D,BP3-09200
1043839-00-A,BP3-11200
6009185-00-A,TP1-40020
1008905-03-C,PL-IH-SA2
1008718-07-B,PL-IH-SA2
1028655-00-C,AS-T03-060-W
1026809-00-C,SH1-00400
1041309-00-D,BP3-15200
1013411-00-A,PT-SM-BP-01
1039998-00-A,AS-RF1-020-E
1051744-00-A,SC2-01200
1036865-00-C,AS-T01-010-W
1033025-00-B,CH5-00200
1025894-00-C,SC2-01201
1053934-01-A,PT-WS-SEQ
1042507-00-A,AS-SF2-020-EZ
1017199-01-A,SU5-11000
1048527-00-B,AS-PL-110
1038866-01-B,PT-FG-HPC-H24U
1023235-00-A,PL-IH-SA10
1045981-00-A,AS-T01-010-W
1047472-00-D,BP3-22300_RW
1015753-00-A,CHANGE-GA
1004588-00-B,HV2-00400
1006209-11-B,DT1-20100
1034260-00-B,AS-RF1-020-E
1037144-00-A,SJ1-00100
1035429-00-A,SU3-11000
1055452-00-A,AS-FL-240-E
1021854-00-C,SC2-00100
1034991-00-B,AS-RF1-020-E
1008638-00-B,CD1-01000
1038482-00-G,AS-FL-200-E
1024686-00-B,PL-IH-SA
1048948-99-D,AS-T03-010-E
1009246-00-D,AS-FL-080-W
1023049-02-B,SH1-00300
1041042-00-A,AS-KT1-140-W
1024686-04-B,PL-IH-SA
1028117-00-A,SU3-06000
1033968-00-B,SU5-11000
1055062-00-A,AS-RF1-020-E
1020791-00-A,SC2-00900
1003368-01-C,HV2-00205
1031042-20-C,BP3-11200
1031042-20-C,BP3-NCM
1031042-30-D,BP3-NCM
1048523-00-B,AS-PL-110
1048525-00-B,AS-PL-110
1056615-00-A,BP3-01000
1022620-00-G,PT-FG-HVC-F23U
1034356-00-D,AS-RF1-020-E
1021007-00-A,SU2-11000
1030758-00-A,SU5-11000
1013650-00-E,AS-T03-SA1-2
1033886-00-D,AS-RF1-020-E
1023048-00-D,BW-FT-BOS-BIW1
1037845-00-B,CH6-00100
1032719-00-A,BP4-10000
1031806-00-B,SC2-00402
1046849-01-A,SC2-00500
1016086-00-A,PT-SM-BP-01
6009000-00-C,PT-SM-BP-01
1018515-00-A,SC2-00200
1037741-00-A,CH5-00300
1012610-00-B,AS-FT-BOS-GA4
1011642-00-B,AS-T01-010-W
1045689-00-A,AS-RF1-020-E
1009089-00-A,AS-FL-120-E
1038338-00-A,AS-FL-120-E
1009153-00-C,AS-KT1-140-W
1016211-00-D,TM1-20000
1018100-00-B,PL-IMB-XX
1048072-00-A,BP3-10700
1011473-00-A,HV9-00400
1002536-04-B,PL-IH-SA7
1030053-00-D,JB5-00300
1048150-00-A,SW3-00005
1010924-00-A,SU3-11000
1019614-00-A,BW-AD-S1-01-1
1034074-00-A,SU4-12000
1014252-01-F,BM6-07000-B
1018312-00-A,PL-IH-SA3
6007415-00-D,ST-1B-STACKING
1008415-05-B,PL-IMB-XX
1035764-00-D,AS-RF1-020-E
1019229-00-C,PL-IMB-XX
1022620-10-G,AS-REPAIR
1023847-02-A,BM3-02300
1030305-00-C,SU5-11000
1025704-00-A,SU3-02000
1025704-00-A,SU3-03000
1052917-00-A,PL-IMB-XX
1043539-00-B,BP3-12200
1048666-00-A,AS-RF1-020-E
1012610-00-A,AS-FT-BOS-GA4
1047040-00-A,BP3-05200
1014329-00-B,SU1-12000
1028355-00-A,SC2-01200
1014022-00-A,TP1-10060
6008047-00-E,AS-SF1-010-E
1007373-00-L,AS-REPAIR
1003352-00-C,HV2-00400
1038162-07-A,SC2-00502
1036485-00-A,AS-T03-010-E
1021852-00-C,SC2-00100
1028070-00-C,SH1-00400
1004423-00-P,CHANGE-GA-EXP
1055688-00-A,BP3-09200
1018721-00-C,SH1-00300
1006841-00-A,HV2-00400
1034085-00-A,SU4-12000
1003368-00-C,HV2-00205
1035765-00-D,AS-RF1-020-E
1043871-00-A,SC2-00400
1026341-00-A,PL-IMB-XX
1026738-00-A,AS-FL-080-W
1045741-00-A,AS-T01-080-E
1024616-00-A,SC2-00300
1018509-00-C,SC2-00801-B
1043872-00-B,SC2-00400
1029304-00-A,AS-C02-110-W
1028667-00-B,AS-T01-010-W
1018254-00-A,SU3-04000
1018812-00-F,SC2-01201
1021507-00-F,SU2-03000
1038514-00-A,HP1-01000
1021467-01-D,SU2-14000
1048473-03-A,AS-PL-110
1024380-00-A,HV2-00400
1002676-00-A,ST1-10100
1039577-00-C,BP3-10500
1038067-00-B,HP1-00200
1018254-00-A,SC2-00400
1009857-00-C,HP1-01000
1018787-01-A,AS-T02-060-E
1030807-00-A,SU3-06000
1005124-00-A,AS-T02-100-E
1023049-01-B,SH1-00300
1043739-00-A,AS-RF1-020-E
1031918-00-A,SU2-15000
1024380-97-A,HV9-00205
1045953-00-A,AS-RF1-020-E
1050795-00-A,JB3-00500
1023243-00-B,AS-IP2-020-E
1048870-00-A,JB3-00100
1038191-00-A,AS-FL-080-W
2006413,SH1-00400
1030248-00-A,TP1-50100
1035124-00-A,CH5-00300
1031760-01-B,SC2-00501
1019229-00-C,AS-FL-120-E
1030623-00-A,AS-SF1-060-E
1024996-00-A,TM1-00500-B
1030495-00-C,HV2-00405
1043112-00-A,PL-IMB-XX
6008508,BP4-10000
1002534-04-H,PL-IH-SA
1008334-04-H,PL-IH-SA
1024631-07-B,PL-IH-SA
1004430-93-N,AS-SF1-060-E
1031702-00-A,AS-SF1-010-E
1048910-00-A,PT-FG-HVJB-G22U
1022962-00-B,AS-FL-240-E
1029318-00-A,DM1-15510
1002536-06-B,PL-IH-SA2
1012215-07-C,PL-IMB-XX
1045693-00-A,AS-RF1-020-E
1016300-00-D,PT-SM-BP-01
1024380-97-A,HV2-00400
1022952-00-C,SC2-00300
1008978-00-C,DT1-20100
1016418-00-A,SC2-00100
1038510-00-D,RT1-10150
1019015-00-A,SU3-04000
6006618-00-A,AS-T01-070-E
1045708-02-A,BP3-NCM
1038487-00-A,AS-FL-260-E
1014344-01-A,FA1-00100
1055688-00-A,BP3-09400
1026914-00-A,SU2-17000
1039353-00-A,SJ1-00200
1028675-00-C,AS-T01-SA1-1
1020961-01-A,TM1-70000-B
1010453-00-A,HV2-00400
1019026-02-A,SC2-00502
1028670-00-B,AS-T03-060-W
1023707-00-A,SU2-11000
1015629-00-C,CHANGE-GA
1041667-00-A,AS-T03-SA1
1022620-00-G,AS-REPAIR
1022620-00-G,AS-T02-070-EZ
1028046-00-D,AS-FL-130-E
1023228-03-E,AS-CP-SEQ
1022475-00-B,SC2-00401
1006172-00-B,CH1-01600
6007372-00-A,SC2-00901
1028062-00-A,TSUSHO
1033153-00-A,TP1-20230
1031157-00-A,SU2-03000
1034081-00-A,SU4-12000
1020911-05-B,TP1-10400
1012215-06-C,PL-IMB-XX
1045677-00-A,AS-RF1-020-E
1025607-01-A,SH1-00200
1028697-00-A,AS-C02-150-E
1026367-00-C,SU2-03000
1030248-00-A,TP1-10060
1042768-00-B,SC2-00500
1028704-00-A,AS-FL-120-E
1018505-00-A,SC2-00200
1002652-00-A,SE1-10100
1028706-00-A,AS-C02-130-W
1014022-00-A,TP1-20230
6009276-00-C,AS-T02-040-E
1021853-00-A,SC2-00100
1023881-00-A,SH1-00100
1020227-00-C,JB3-00600
1033928-00-A,SC2-01200
1004805-00-C,CH1-01300
1033465-00-A,SC2-00500
1020741-00-A,SC2-00400
1023365-00-B,CH5-00100
1025213-00-B,AS-FL-260-W
1021647-00-B,SC2-00201-B
1003411-00-C,PT-SM-DU-01
1023781-00-A,BM3-00400
1016440-07-A,PN-PL
1038706-00-A,AS-T03-010-EB
1038706-00-A,AS-T03-020-EB
1038706-00-A,AS-T03-SA1-1
1002534-06-G,PL-IH-SA
1015525-01-A,TM1-30000
1019028-04-E,SC2-00401
1028701-00-A,AS-FL-120-E
1022473-00-A,SC2-01200
1021487-00-A,SC2-00400
1023232-07-G,PL-IH-SA
1041304-00-A,BP3-15700
1013274-00-C,AS-T03-060-W
1022477-00-B,SC2-00100
1028665-00-B,AS-T01-040-W
1026808-00-A,SH1-00300
1049414-00-B,AS-SF1-060-E
1052918-00-A,PL-IMB-XX
1046345-00-C,HP1-01500
1028068-00-B,SH1-00400
1019229-00-C,AS-FL-130-E
1002517-04-E,PL-IH-SA
2001751,PT-SM-MO-01
1033133-00-A,SU3-02000
1022506-01-D,AS-FL-200-E
1022506-01-D,AS-REPAIR
1023211-03-C,AS-CP-SEQ
1016439-06-A,PN-PL
1011590-00-A,DT1-10400
1026899-02-E,JB3-00150
1030582-00-F,AS-T01-SA1-1Z
1004419-00-P,CHANGE-GA-EXP
1034075-00-A,SU4-12000
1021651-01-A,CH3-01200
1018388-00-A,SC2-00400
1035199-00-G,SI1-00705
1021273-00-B,CH3-03300
2006348,SU2-03000
1019028-20-D,SC2-00401-B
1019168-00-A,SU1-14000
1023839-00-A,SC2-00500
1005650-00-E,TP1-30010
6008307,JB5-00600
1045978-00-C,CH6-03100
1016439-07-A,PN-PL
1019028-22-E,SC2-00401
1030073-00-C,HV2-00405
1023684-00-A,SU2-11000
1026963-00-B,SU5-11000
1039010-00-A,AS-FL-110-E
1030248-00-A,TP1-10300
1047907-00-B,AS-FL-110-E
1007666-00-A,AS-SF1-120-E
1007767-00-D,ST-METAL-REPAIR
1003351-00-B,HV2-00200
1033155-00-A,TP1-10380
1011629-00-A,HV9-00410
1028666-00-E,AS-T03-010-W
1021477-00-C,SU2-02000
1045982-00-A,AS-T03-010-W
1017720-00-A,HV8-00450
1008856-02-C,AS-T02-120-E
1048603-00-A,JB3-00125
1033085-00-C,SU4-03000
1009991-01-B,CD1-06000
1015897-00-A,CD1-06000
1015897-00-C,CA1-01000
1015525-02-A,TM1-30000
1038552-00-A,BW-FT-BOS-BIW1
1004943-00-B,PT-SM-BP-01
1021850-00-C,SC2-00300
1019026-00-B,SC2-00502
1023683-00-A,SU2-11000
1021837-00-A,SC2-00901-B
1045057-00-B,AS-T03-090-W
6007371-00-A,SC2-00900
1050801-00-A,PT-WS-SEQ
1011473-00-A,HV2-00400
1023665-10-D,SU2-14000
6001487,CH3-03200
1031760-01-B,SC2-00503
1033692-03-A,DM1-15000
1007968-00-D,PL-IMB-XX
1051285-00-A,SC2-00400
1019026-01-B,SC2-00502
1013244-00-F,AS-T03-030-W
2004850,SC2-00100
1019025-00-A,SC2-00300
1006686-00-A,SH1-00200
1023222-02-C,AS-CP-SEQ
1057234-00-A,SJ1-00100
1048522-00-B,AS-PL-110
1024631-06-B,PL-IH-SA
1033464-00-A,SC2-00600
1021844-00-E,SC2-00200
1021950-00-A,AS-PR01-020
1028616-00-A,BP3-NCM
1030031-02-B,AS-3RW-010-E
1025462-00-B,SC2-01200
1028700-00-B,AS-T02-030-W
1014664-00-A,PT-MES-G25
1037757-00-A,SC2-00502
1023647-00-B,SU2-03000
6008022-E0-D,PN-PR-020-1
1021487-00-A,SC2-00900
1026722-00-A,HV2-00200
1022027-00-A,CH3-00400
1045207-00-B,BP3-12400
1016382-01-A,TM1-70000-B
1030265-00-B,BP3-35100
1007375-00-L,AS-D01-020-E
1007373-00-L,AS-D01-020-E
2006811,AS-EU-DIS
1042519-00-B,SC2-00800
1052916-00-A,PL-IMB-XX
1034434-00-A,SU1-12000
1032794-00-A,SC2-00500
1021475-00-D,SU2-02000
1022621-10-E,HV9-00410
1034991-00-B,AS-RF1-030-E
1028166-00-B,SC2-00100
1024874-00-C,SU1-14000
1016577-02-A,AS-INS-120-W
1034409-00-A,CHANGE-GA-EXP
2000798,PT-SM-MO-01
1034136-00-B,AS-RF1-020-E
2001961,SC2-00400
1011473-00-A,HV2-00405
1014358-01-A,PT-SM-DU-01
1031660-00-B,AS-FL-120-E
2007032-00-A,TP1-20010
1047319-00-B,AS-RF1-020-E
1017017-00-B,BP4-07000
1030709-00-A,TP1-50010
1030625-00-A,AS-T03-070-W
1004588-00-B,HV9-00400
1012215-10-C,PL-IMB-XX
6007731-00-E,AS-T02-110-W
1017766-00-A,TM1-70000-B
1024380-97-A,HV2-00205
1033823-00-B,AS-RF1-020-E
1028993-00-B,SU3-11000
1052252-00-C,BP3-13200
1023076-00-A,SC2-00200
1018764-00-A,AS-T02-030-E
1031481-00-A,SU2-11000
1016970-01-C,TM1-70000-B
1041309-00-C,BP3-11200
1058200-00-A,PL-IMB-XX
1028185-00-A,SC2-01200
6008779-00-D,DT1-10200
1038165-00-C,AS-RF1-020-E
1003347-00-C,HV9-00400
1038164-00-C,AS-RF1-020-E
1051903-00-A,SU2-11000
1024573-00-A,SH1-00400
1018057-01-E,PT-SM-EL-01
1032922-00-B,SC2-00202
1024686-06-B,PL-IH-SA
1038338-00-A,AS-FL-130-E
1030934-00-A,SU3-11000
1008390-04-A,HV9-00400
1058205-00-A,PL-IMB-XX
1025715-00-A,SC2-00400
1034874-00-A,SC2-00800
1024034-00-A,SJ1-00100
1026807-00-A,SH1-00400
1007191-00-A,SU3-06000
1048473-07-A,AS-PL-110
1052256-00-A,BP3-01000
1026041-00-H,AS-REPAIR
1021844-01-C,SC2-00201
1025213-00-B,PL-IH-SA8
1012217-10-C,PL-IMB-XX
1014395-05-A,AS-PL-100
1016439-00-A,PL-IMB-XX
1023381-00-E,AS-REPAIR
1016440-06-A,PN-PL
1024956-05-C,AS-T01-090-E
1012945-00-A,AS-C03-050-E
1021931-00-C,PL-IH-SA3
1020171-00-A,TP1-40020
1035700-00-B,DM1-13500
1041667-00-A,AS-T03-040-W
1019027-00-A,SC2-00300
1045207-00-B,BP3-03030
1021847-00-A,SC2-00300
1005420-00-D,AS-T01-020-W
1010687-01-A,CD1-06000
1020782-02-D,SU4-12000
1022954-00-A,SC2-00300
1015562-00-D,TM1-20000
1043052-00-A,AS-SF1-250-W
1043999-00-A,AS-SF1-250-W
1038916-00-A,SU4-12000
1030779-00-A,SU3-04000
1033088-00-C,SU3-11000
1028354-00-A,SC2-01200
1048456-00-A,BP3-15200
1054591-00-A,PT-FG-BM-L20U
1022000-00-A,AS-RF1-060-E
1014022-00-A,TP1-10370
1036769-00-C,AS-RF1-020-E
1012336-01-A,BM3-00850
1023649-00-B,SU2-11000
1022624-10-B,HV9-00410
1032922-00-B,SC2-00402
1033560-00-B,TM1-70000-B
1007972-00-B,DT1-10200
1013411-10-C,PT-MES-G25
1055452-00-A,AS-FL-120-W
1033132-00-A,SU3-02000
1052779-00-A,AS-RF1-020-E
1014613-00-H,BP4-05000
1023646-00-C,SU2-03000
1047040-00-A,BP3-05100
1018389-00-A,SC2-00100
1023839-00-A,SC2-00502
1038627-00-A,AS-C01-010-W
1010453-00-A,HV2-00200
1014023-00-A,TP1-50010
1039588-00-A,SC2-00400
1026367-00-B,SU2-15000
2004988,SC2-00900
1031159-00-A,JB5-00500
2004361,SU3-06000
1013253-00-B,DT1-60600
1023900-00-A,AS-EU-DIS
1039420-00-C,BP3-10700
1023228-04-E,AS-CP-SEQ
1021492-00-A,SC2-00100
1037211-00-A,SJ1-00100
1024745-00-E,BP3-NCM
1016754-00-A,AS-T01-100-E
1016533-00-A,TP1-40020
1023214-04-C,AS-CP-SEQ
1028120-00-B,SU5-11000
1034073-00-A,SU4-12000
1034079-00-A,SU4-12000
1004425-00-P,CHANGE-GA-EXP
1004426-00-P,CHANGE-GA-EXP
1054093-00-B,RT3-19000
1011627-00-A,HV9-00410
1025789-10-A,SU2-02000
2004988,SC2-00200
1020741-00-A,CH5-00100
1030686-10-A,HV2-00200
1031031-00-A,AS-T01-040-W
6006608-00-B,AS-T02-040-W
1016440-06-A,PL-IMB-XX
2007032-00-A,TP1-10400
1008863-00-B,AS-C02-080-E
1016439-06-A,PL-IMB-XX
1025552-10-A,HV9-00400
1016440-07-A,PL-IMB-XX
1017718-00-A,HV8-00450
1033466-00-A,AS-SF1-010-E
1019468-01-B,AS-T02-060-E
1028386-02-A,AS-T02-060-W
1043117-01-A,SC2-00600
1030055-00-C,JB5-00600
1019122-00-B,CH4-01700
1028540-00-A,AS-T02-070-E
1021846-00-C,SC2-00300
1023222-03-C,AS-CP-SEQ
1008560-00-A,SC2-00900
1008415-06-B,PL-IMB-XX
1034080-00-A,SU4-12000
1011684-00-A,AS-EU-DIS
1009251-00-B,PL-IH-SA3
1011473-00-A,HV2-00200
1026367-00-B,SU2-03000
6008821-00-D,AS-C02-200-W
1006687-00-A,SH1-00200
1016035-00-A,TP1-40000
1033145-00-A,SC2-00400
1022404-00-A,SC2-00901-B
1022649-00-B,HV0-00500
1006163-00-C,CD1-06000
1023076-00-A,SC2-00900
1030781-00-A,SU3-05000
1028057-00-B,SU3-06000
1051618-00-A,AS-FL-100-E
1004430-92-N,AS-SF1-060-E
1025552-10-A,HV2-10000
1015559-00-B,TM1-00500-B
1030582-10-G,AS-REPAIR
1020356-00-A,SH1-00300
1020584-00-F,BP4-02000
1006505-00-B,AS-T02-050-WZ
1032922-00-A,SC2-00402
1022349-00-A,SC2-00700
1034262-00-B,CHANGE-GA
1039365-00-B,BP3-10700
1003117-00-G,CHANGE-GA
1031643-00-A,AS-T01-010-W
1028549-00-C,AS-T02-070-E
1025869-00-A,SH1-00200
1032261-00-A,SH1-00400
1020755-00-A,SU3-04000
6008780-00-D,DT1-10200
1007441-00-I,AS-FL-200-E
1033152-00-A,SU2-11000
1003783-00-B,DT1-10400
1004919-00-C,BW-SPM-010S
1026497-00-A,SU2-03000
1030686-10-A,HV2-00400
1022636-00-A,HV9-00410
1053123-00-B,FS2-08000
1035900-00-C,DM1-22500-B
1012217-07-C,PL-IMB-XX
1022474-00-A,SC2-01200
1030683-00-A,SU2-02000
1004420-03-J,AS-PL-030
2006440,SC2-00100
1023872-00-A,SC2-00400
1035600-00-D,DM1-12000
1050777-00-A,JB3-00500
1013650-00-E,AS-T03-060-W
1030582-00-F,AS-T01-010-EZ
1045340-00-A,SU3-06000
1022511-00-A,SJ1-00100
1024860-10-A,HV9-00400
1022027-00-A,CH3-00500
2001961,SU2-17000
1026806-00-A,SH1-00400
1014470-00-B,PT-SM-BP-01
1026984-00-B,SH1-00400
1030768-00-A,SU3-11000
1045341-00-A,SU3-06000
1008415-07-B,PL-IMB-XX
1039316-00-A,BP4-10000
1028182-00-A,SU3-11000
1028039-00-B,SU5-11000
1049562-00-A,AS-FL-160-W
6008298-00-G,AS-T02-070-E
1017764-00-A,TM1-40000
1014339-10-E,FA1-00900
1014926-00-C,BP4-03000
1050603-00-A,BM3-01900
1002253-00-C,PL-IH-SA1
1023076-00-A,SC2-01200
1013324-00-A,SC2-00400
1010608-00-B,ST-4D-TABLE1
1030289-00-A,SH1-00100
6010351-00-J,BP3-NCM
1009217-00-B,HV2-00400
2000869,SU2-11000
1028704-00-A,AS-FL-130-E
1030040-00-A,AS-FL-210-E
1031001-00-A,SC2-00400
1015985-00-D,BP4-04000
1026893-00-A,SC2-00100
1035300-00-E,DM1-33500
1008590-06-C,PL-IMB-XX
1005256-00-C,AS-REPAIR
1033025-00-B,CH5-00100
1053124-00-A,BP3-22200
1053124-00-A,BP3-22300_RW
1018388-00-A,SC2-00100
1019028-00-D,PT-SM-SC-01
1016362-00-C,HP1-00200-B
6010486-00-D,BP3-NCM
1041668-00-C,BP3-12200
1030044-00-C,JB5-00100
1021487-00-A,SC2-00600
1014023-00-A,DT1-80550
1016496-00-C,BP3-34100
1053117-00-A,BP3-NCM
1008390-04-A,HV9-00500
1039353-00-A,SJ1-00100
1005312-95-N,AS-T01-050-E
1033559-00-A,TM1-70000-B
1024860-10-A,HV9-00405
1025462-00-B,SC2-00502
1041018-00-A,AS-FL-SA1
1049561-00-A,AS-FL-160-W
1028361-00-B,TP1-10435
1006685-00-A,SH1-00200
1020911-05-B,AS-T03-SA2
2001199,SC2-00400
1005846-00-B,TP1-10400
1037869-00-A,AS-T02-040-E
1021837-00-A,SC2-00901
1014174-00-C,BP3-12400
1010413-99-A,BW-FT-BOS-BIW1
1032274-00-P,CHANGE-GA-EXP
1038599-00-A,BW-FT-BOS-BIW1
1019168-00-A,TP1-40020
1023624-00-B,SU2-03000
1030683-00-A,SU1-18000
1034089-00-C,SU4-12000
1034186-00-A,TM1-70000-B
1025612-02-D,JB3-00100
1023661-10-E,SU2-11000
1025462-00-B,SC2-00100
1023214-02-C,AS-CP-SEQ
1021856-00-B,SC2-00200
1005881-00-A,SC2-00400
6009543-00-B,PT-SM-BP-01
1004659-00-A,SU2-12000
1014364-04-A,TP1-40010
1020354-00-A,SH1-00300
1023851-00-A,SC2-00400
1016533-00-A,TP1-10060
2004988,SC2-01200
1008590-05-C,PL-IMB-XX
1006841-00-A,AS-T01-120-E
1004430-02-N,AS-SF1-010-E
1023882-00-A,SH1-00100
1037244-00-A,SJ1-00100
1039365-00-B,BP3-15300
1039365-00-B,BP3-NCM
1026993-00-B,DT1-10200
1035431-00-A,SU3-11000
2006426,SU2-11000
1016440-00-A,PL-IMB-XX
1020742-00-A,SC2-00900
1024380-97-A,HV2-00200
1004429-92-P,AS-REPAIR
1013823-00-A,SU3-04000
1028668-00-C,AS-T03-140-W
1053123-00-B,FS2-05000
1053123-98-B,FS3-06000
1013274-01-C,AS-T03-140-W
1037900-00-C,DM1-22500-B
1012217-06-C,PL-IMB-XX
6010351-00-H,BP3-NCM
1016488-00-A,TP1-40020
1012581-00-A,SC2-00400
6008925-00-F,BM3-01000
1005422-00-D,AS-T01-020-W
1023076-00-A,SC2-00400
1014964-00-B,PT-SM-BP-01
1023892-00-A,TM1-70000-B
1028941-00-P,CHANGE-GA-EXP
1030248-00-A,TP1-20010
1030248-00-A,TP1-50210
1038523-00-A,AS-C02-110-W
1028727-00-A,SC2-01200
1030769-00-A,SU3-02000
1011641-00-B,AS-T01-010-W
1020764-00-A,SC2-00400
1014466-00-B,PT-SM-BP-01
1016335-00-B,AS-FL-110-E
1023268-00-B,AS-C02-040-W
1021658-00-B,SJ1-00100
1020954-20-A,PT-FG-BM-L20U
1015865-00-A,AS-FL-SA1
1024380-99-A,HV2-00200
1035124-00-A,CH5-00100
1035765-00-D,CHANGE-GA
1020955-90-A,PT-FG-BM-L20U_FLEX
1043512-00-C,BP3-10700
1026807-00-A,SH1-00200
1018788-01-A,AS-T02-060-W
1018787-02-A,AS-T02-060-E
1024048-00-A,SJ1-00100
1018390-00-A,SC2-00100
1023868-00-A,SC2-00400
1038042-00-A,AS-T01-080-E
1049897-00-A,SH1-00400
1047907-00-A,AS-FL-110-E
1021471-00-B,SU2-03000
1021189-00-E,BP4-10000
1023879-00-A,SC2-00900
1026992-00-B,DT1-10200
6009178,HV8-00450
1009211-01-A,AS-FL-100-E
1032659-00-E,BIW-IN
1051608-00-A,DM1-45000
1016439-07-A,PL-IMB-XX
1021488-00-A,SC2-00600
1002273-00-C,CHANGE-GA-EXP
1004659-00-A,SU3-02000
1003783-04-C,TM1-10000
1030248-00-A,TP1-10380
1016496-00-C,BP3-32100
1003411-00-C,TP1-10445
1008638-00-A,CD1-01000
1028361-00-B,TP1-40020
1005222-00-A,SC2-00400
1020759-00-A,SC2-00400
6008125-00-A,AS-T02-110-W
1014467-00-B,PT-SM-BP-01
1030248-00-A,TP1-10420
1023076-00-A,SJ1-00100
1030261-01-D,CH3-00400
1026708-00-A,CD1-01000
1023076-00-A,SC2-00500
1023686-00-A,SU2-11000
1028144-00-A,BW-FT-BOS-BIW1
1033087-00-C,SU4-14000
6005129,BP4-10000
1001243-00-A,SC2-00300
1025612-01-D,JB3-00100
1004396-00-C,BP3-13200
1018474-00-A,BP3-NCM
1013245-00-F,AS-T03-030-E
1025871-00-A,SH1-00200
1020741-00-A,CH5-00300
1053491-00-A,AS-FM1-080-E
1012591-00-A,SC2-00900
1030322-00-A,SU3-05000
1036095-00-A,SU2-17000
1039452-00-A,SU5-11000
1014022-00-A,TP1-40020
1031001-00-A,SC2-00502
1032971-00-A,PT-FG-CD-H24U
1032972-00-A,AS-IP2-020-W
1032974-00-A,AS-IP1-040-E
1021933-00-A,SU3-05000
1024434-00-A,SU2-11000
1005846-00-B,TP1-20230
1008894-00-B,DT1-40100
2001234,SU2-14000
1026335-00-A,SU5-11000
1026336-00-A,SU5-11000
6006422-00-A,AS-SF1-250-W
1005552-00-A,SU2-03000
1034406-00-B,CHANGE-GA-EXP
2006994,SC2-01200
1021119-00-A,SJ1-00100
1035764-00-D,CHANGE-GA
1048949-99-D,AS-T03-SA2
1009042-00-A,TP1-10415
1016496-00-C,PT-SM-BP-01
1030322-00-A,SU3-04000
1028065-00-C,SH1-00300
1034093-00-A,SU5-11000
1045953-00-A,CHANGE-GA
1023847-02-A,PT-SM-MO-01
1031917-00-A,SU2-14000
1023211-02-B,AS-CP-SEQ
1031520-00-A,ST-3D-PUTAWAY
1033465-00-A,SC2-00502
1002523-06-B,PL-IH-SA7
1013683-00-A,TP1-20230
6006421-00-A,AS-SF1-250-W
1017359-00-A,SH1-00200
1031001-00-A,SC2-00300
1005222-00-A,SC2-00100
1038164-00-C,CHANGE-GA
1038165-00-C,CHANGE-GA
1013549-00-B,BM6-01000
1022625-00-A,HV9-00410
1028066-00-C,SH1-00400
1043833-00-A,AS-FM1-060-E
1023709-00-A,SU2-11000
1045960-00-A,AS-FL-170-W
1045960-00-A,AS-FL-SA1
1014929-00-B,BP3-15200
1021931-00-C,PL-IH-SA2
6007342-99-H,AS-T01-030-W
1018335-03-B,TM1-30000
1020761-00-A,SC2-00900
1008369-00-F,PL-IMB-XX
1046224-00-A,SU3-06000
1013043-00-A,CD1-06000
1026849-01-A,CD1-01000
1046223-00-A,SU3-06000
1057429-00-A,AS-FL-160-W
1008370-00-F,PL-IMB-XX
1025603-00-A,SU4-12000
2000798,SH1-00200
1008765-07-B,PL-IMB-XX
1020761-00-A,SU3-05000
1007419-00-E,DT1-50400
1024874-00-C,SU1-13000
1054077-00-A,AS-RF1-020-E
1048288-00-B,PD1-14500
1002523-06-B,PL-IMB-XX
1042957-00-A,SU4-14000
1033466-00-A,SC2-00400
1055326-00-A,SM1-01000
1053528-99-A,AS-T01-090-W
1057428-00-A,AS-FL-160-W
2004361,BW-FT-BOS-BIW1
1014241-00-C,BP3-NCM
1053083-00-B,AS-RF1-020-E
1055936-00-A,BP3-13200
1035104-00-A,AS-CP-SEQ2
1033933-00-A,SU5-11000
1049523-00-B,CH6-02000
1053082-00-B,AS-RF1-020-E
1056682-00-A,AS-INS-120-W
1007419-00-E,DT1-40350
1030248-00-A,TP1-40020
1047726-00-B,AS-REPAIR
1050752-00-B,AS-REPAIR
2003983,SU4-12000
1004780-15-J,PT-FG-CD-H24U
1004780-15-K,PT-FG-CD-H24U
1004780-00-G,PT-FG-CD-H24U
1054077-00-A,CHANGE-GA
6008924,BP3-13200
6009354,PT-SM-DU-02
1049523-00-A,CH6-02000
1006971-00-A,TP1-10415
1056169-00-A,SM1-01000
1041048-00-A,AS-T03-060-W
1034018-00-A,SU5-11000
1054642-01-A,AS-T03-050-E
1054642-02-A,AS-T03-050-E
1053082-00-B,CHANGE-GA
1053083-00-B,CHANGE-GA
1058762-00-A,SM1-01000
1028352-E0-A,PN-PR-020-1
1051452-02-A,TP1-10380
1024031-00-A,AS-EU-DIS
1051452-01-A,TP1-10380
1032847-00-A,SU2-03000
1051452-01-A,TP1-10190
1004270-00-A,BM3-00850
1004270-00-A,BM3-01200
1004270-00-A,BM3-01750
1004270-00-A,BM3-01900
1004270-00-A,BM5-00200
1004428-00-P,CHANGE-GA-EXP
1004607-00-C,BW-SPM-010S
1004608-00-C,BW-SPM-010S
1007036-00-A,HV2-00200
1007036-00-A,HV2-10000
1008232-00-A,SH1-00200
1008328-00-A,HV7-00200
1008624-00-A,SH1-00200
1009826-00-A,AS-REPAIR
1012041-00-B,AS-FL-100-W
1012458-00-A,HP1-00500
1012820-00-A,DM1-42000
1012820-00-A,DT1-80100
1013314-00-A,SC2-00400
1013314-00-A,SU3-11000
1013910-00-A,HV2-10000
1014204-90-E,BW2-BAT090
1014419-00-A,HV2-00205
1014419-00-A,HV2-00400
1014419-00-A,HV9-00400
1014419-00-A,HV9-00410
1014489-00-A,HV8-00450
1014853-00-A,HV9-00400
1015601-00-D,AS-C02-390-R
1015601-00-D,BW-ST-CONS
1015682-00-A,PL-IMA-XX
1018320-00-A,SU3-11000
1019479-00-A,HP1-00400
1019480-00-A,HP1-00500
1020754-00-A,SC2-00900
1021663-00-A,BW-FT-BOS-BIW1
1021663-00-A,PT-SM-SC-01
1021663-00-A,SC2-00900
1021663-00-A,SC2-00901-B
1021667-00-A,PT-SM-SC-01
1021667-00-A,SC2-00900
1021668-00-A,SC2-00200
1021668-00-A,SC2-00400
1023267-00-D,PL-IMB-XX
1023706-00-A,SU2-03000
1023880-00-A,SH1-00100
1023880-00-A,SH1-00200
1024456-01-E,TM1-00500
1024577-00-A,SH1-00100
1026041-99-H,AS-T03-SA1-4
1026750-00-A,BP4-07000
1027240-00-B,TSUSHO
1027250-00-B,TSUSHO
1031974-00-A,PN-CO-S1
1032255-00-A,SH1-00100
1032733-00-C,BW-MLN-020
1035497-00-A,RT3-12070
1035600-00-F,DM1-12000
1037956-00-B,SW3-80000
1037956-00-C,ST1-10000
1038166-00-D,AS-RF1-020-E
1038369-00-A,RT3-13000
1039445-00-B,CH3-00400
1042391-00-F,AS-RF1-050-E
1043961-00-A,AS-SF1-090-EZ
1046132-00-P,CHANGE-GA-EXP
1046500-00-B,PT-FG-PD-B28L
1046500-01-B,PT-FG-PD-B28L
1047472-00-E,BP3-15200
1047472-00-E,BP3-15700
1047472-00-E,BP3-NCM
1048476-00-D,CHANGE-GA-EXP
1048809-00-A,AS-T01-000-W
1049523-00-C,CH6-00050
1050571-01-A,TSUSHO
1050794-00-B,BP3-03200
1051906-00-A,CHANGE-GA
1052328-00-P,CHANGE-GA-EXP
1055000-00-B,PT-FG-PD-B28L
1055000-00-C,PT-FG-PD-B28L
1055000-01-B,PT-FG-PD-B28L
1055766-00-A,AS-C01-060-E
1055837-00-C,BP3-09100
1055866-00-A,AS-C01-060-E
1055933-20-A,BP3-12200
1055959-20-B,BP3-13200
1056162-00-A,CHANGE-GA-EXP
1056211-00-B,BP3-22300
1056211-00-C,BP3-22300
1056284-00-B,CHANGE-GA
1056614-00-A,BP3-02100
1057030-00-A,BW-BSL-010
1057374-00-A,CHANGE-GA-EXP
1059501-00-A,DM1-44000
2000662,BP3-12600
2005978,HP1-00400
2007525,SC2-00400
6005859-01-E,AS-D01-080-W
6005860-01-E,AS-D01-080-E
6006487-00-G,ST-3D-PUTAWAY
6006809-00-F,ST-1B-STACKING
6007185-00-B,BW-DOR-010S
